GEO_ID,geo_id_trimmed,NAME,total_pop,total_pop_U5,total_pop_U5_E,total_pop_5_9,total_pop_5_9_E,total_pop_10_14,total_pop_10_14_E,total_pop_15_19 ,total_pop_15_19 _E,total_pop_20_24,total_pop_20_24_E,total_pop_25_29,total_pop_25_29_E,total_pop_30_34,total_pop_30_34_E,total_pop_35_39,total_pop_35_39_E,total_pop_40_44,total_pop_40_44_E,total_pop_45_49,total_pop_45_49_E,total_pop_50_ 54,total_pop_50_ 54_E,total_pop_55_59,total_pop_55_59_E,total_pop_60_64,total_pop_60_64_E,total_pop_65_69,total_pop_65_69_E,total_pop_70_74,total_pop_70_74_E,total_pop_75_79,total_pop_75_79_E,total_pop_80_84,total_pop_80_84_E,total_pop_85,total_pop_85_E,total_pop_female,total_pop_female_E,female_pop_U5,female_pop_U5_E,female_pop_5_9,female_pop_5_9_E,female_pop_10_14,female_pop_10_14_E,female_pop_15_19 ,female_pop_15_19 _E,female_pop_20_24,female_pop_20_24_E,female_pop_25_29,female_pop_25_29_E,female_pop_30_34,female_pop_30_34_E,female_pop_35_39,female_pop_35_39_E,female_pop_40_44,female_pop_40_44_E,female_pop_45_49,female_pop_45_49_E,female_pop_50_ 54,female_pop_50_ 54_E,female_pop_55_59,female_pop_55_59_E,female_pop_60_64,female_pop_60_64_E,female_pop_65_69,female_pop_65_69_E,female_pop_70_74,female_pop_70_74_E,female_pop_75_79,female_pop_75_79_E,female_pop_80_84,female_pop_80_84_E,female_pop_85,female_pop_85_E
0500000US42001,42001,"Adams County, Pennsylvania",102470,5191,41,5586,324,6229,330,6769,73,6673,112,5696,93,5287,45,5219,335,5679,334,6923,100,7718,90,7722,356,7474,349,6683,306,5066,302,3540,275,2411,215,2604,214,52009,70,2586,51,2730,228,3022,225,3371,55,3291,71,2760,70,2586,27,2519,215,2883,217,3530,66,3932,68,4156,231,3616,228,3461,219,2729,216,1864,196,1323,146,1650,187
0500000US42003,42003,"Allegheny County, Pennsylvania",1221744,64170,5,61448,1363,64402,1359,71850,175,76324,177,96149,31,90776,49,75106,1368,66900,1360,72238,37,79108,3,88829,1262,88320,1270,71884,1099,51615,1099,38074,803,28183,810,36368,846,631402,54,31460,4,30074,928,31479,924,35598,180,38144,173,47631,31,44510,41,37472,896,33239,897,36771,33,41050,2,46247,914,46601,918,38126,785,29022,787,22430,725,17414,604,24134,697
0500000US42005,42005,"Armstrong County, Pennsylvania",65867,3225,16,3854,211,3340,209,3519,81,3329,54,3492,60,3514,64,3349,226,3979,218,4461,71,4824,47,5211,267,5534,281,4554,210,3392,218,2634,197,1818,180,1838,165,33106,83,1586,21,1841,142,1660,139,1725,65,1594,26,1642,28,1696,36,1605,142,2055,141,2203,43,2411,19,2576,164,2709,172,2397,133,1650,137,1487,137,1031,135,1238,137
0500000US42007,42007,"Beaver County, Pennsylvania",165833,8414,45,9157,375,8988,386,8944,158,9008,182,9787,112,9660,111,10470,494,8189,493,10068,90,11879,65,13957,515,12599,509,11149,427,7786,421,6187,334,4606,276,4985,348,85373,59,4152,26,4482,236,4363,244,4271,95,4423,109,4804,103,4793,75,5235,319,4133,296,5077,47,6129,52,7432,334,6299,333,5687,314,4377,307,3700,279,2639,218,3377,282
0500000US42009,42009,"Bedford County, Pennsylvania",48337,2333,46,2677,174,2674,166,2763,39,2591,81,2564,45,2325,42,2254,195,2936,191,3294,60,3566,47,3727,224,3882,219,3031,199,2723,195,2261,155,1257,115,1479,143,24365,86,1108,37,1300,127,1349,113,1327,34,1239,54,1222,38,1148,31,1188,113,1424,105,1596,25,1788,42,1799,125,2017,120,1492,132,1453,131,1182,115,710,94,1023,121
0500000US42011,42011,"Berks County, Pennsylvania",418025,24201,54,26437,727,26387,725,29529,89,27893,51,26409,52,24762,32,23754,788,24520,797,27126,28,29801,55,30879,842,25599,842,21963,667,17570,663,12691,677,8908,512,9596,594,212387,71,11818,5,12769,546,13017,532,14578,80,13639,30,12870,31,12393,27,11808,585,12676,603,13793,23,15174,31,15689,518,12810,521,11442,421,9300,421,7109,453,5241,356,6261,438
0500000US42013,42013,"Blair County, Pennsylvania",123157,6496,69,6774,408,7431,407,7460,110,6508,106,8219,131,6917,101,7178,418,6930,406,7774,124,8371,148,9565,483,8538,474,7864,303,5846,311,4377,324,3343,316,3566,323,62898,140,3073,67,3395,280,3503,267,3522,75,3176,79,4019,94,3351,41,3533,256,3486,264,4029,104,4262,103,4919,299,4402,301,4058,228,3191,226,2529,225,2029,219,2421,234
0500000US42015,42015,"Bradford County, Pennsylvania",60963,3642,73,3687,199,3870,204,3418,40,3287,81,3355,45,3339,64,3328,220,2928,201,3760,56,4347,34,4967,236,4364,233,3882,187,3235,186,2156,173,1511,162,1887,163,30892,84,1834,55,1869,146,1881,142,1686,30,1667,75,1625,33,1632,58,1631,172,1569,154,1889,43,2225,30,2496,159,2160,162,1939,120,1705,122,1167,115,810,118,1107,149
0500000US42017,42017,"Bucks County, Pennsylvania",626806,30294,55,33914,978,39725,984,39264,107,36094,119,34070,57,35224,77,36453,940,36783,931,43458,79,49351,84,52516,1108,45942,1107,36384,772,28239,781,19454,755,14551,597,15090,699,319146,74,14796,14,16684,589,19324,591,18735,51,17799,116,16616,57,17574,79,18887,633,18216,624,22166,45,25208,38,26926,700,23165,700,19128,453,14763,458,10803,571,8605,467,9751,534
0500000US42019,42019,"Butler County, Pennsylvania",186899,9530,38,9941,414,11216,401,12516,155,10736,165,10436,125,10701,136,10677,490,11319,509,12893,123,14073,125,15013,545,13823,522,11415,390,7864,394,5710,360,3999,311,5037,376,94368,112,4625,68,4836,297,5545,291,6049,89,5262,107,4981,80,5296,91,5350,306,5438,314,6487,75,7123,86,7615,326,6927,306,5871,259,4123,264,3118,251,2277,229,3445,286
0500000US42021,42021,"Cambria County, Pennsylvania",133009,6609,40,6974,367,7324,365,8618,122,8308,94,7079,66,6673,63,6973,339,7355,331,8217,102,8949,99,9836,391,10854,396,9182,371,6819,365,5237,323,3516,243,4486,290,67548,78,3163,58,3360,222,3635,214,4247,80,3936,75,3335,31,3260,42,3371,229,3798,221,4018,73,4479,55,4763,239,5634,249,4763,239,3561,238,2887,221,2078,178,3260,252
0500000US42023,42023,"Cameron County, Pennsylvania",4611,207,14,199,41,192,41,265,51,200,47,220,21,182,41,215,50,214,49,290,47,366,25,391,59,435,61,406,45,286,48,234,47,105,31,204,43,2330,46,74,24,87,34,95,34,170,48,101,35,89,5,75,37,143,50,74,33,158,47,197,25,218,39,205,43,191,28,135,33,119,32,78,26,121,35
0500000US42025,42025,"Carbon County, Pennsylvania",63887,2958,85,3339,303,3805,272,3526,127,3152,114,3303,100,3613,134,3374,350,3878,357,4453,168,5102,155,5097,366,5091,365,4278,348,3453,335,1929,236,1750,220,1786,258,32110,95,1410,30,1544,200,2016,191,1674,91,1529,73,1586,54,1710,33,1513,227,2101,212,2198,105,2624,103,2540,242,2533,238,2077,212,1855,206,1065,159,916,144,1219,168
0500000US42027,42027,"Centre County, Pennsylvania",161960,6379,119,6500,423,7100,421,16074,266,26995,329,13084,193,9732,186,8304,584,8970,517,8820,215,9287,147,9051,398,9358,414,6808,366,5820,368,3751,297,3057,330,2870,368,76758,136,3052,77,2989,231,3621,232,7939,149,11825,169,5654,142,4227,81,3737,326,4006,320,4137,94,4450,73,4470,293,4495,318,3354,244,3162,249,2046,213,1741,222,1853,253
0500000US42029,42029,"Chester County, Pennsylvania",519560,28992,83,32484,835,35770,813,36743,139,32262,143,29374,109,30225,35,31324,899,32498,913,35963,83,38629,82,38530,874,34152,861,27805,710,20282,697,13983,598,9426,595,11118,581,263633,52,14325,10,15915,616,17465,614,18202,23,16044,50,14200,64,14990,22,15809,632,16143,629,18242,76,19628,65,20103,573,17015,556,14479,455,10860,437,7673,396,5371,394,7169,416
0500000US42031,42031,"Clarion County, Pennsylvania",38715,1985,22,2004,125,2038,130,2829,59,3421,62,2566,76,1955,28,2073,152,1943,153,2365,46,2556,27,2798,159,2769,151,2303,136,1752,132,1403,132,1110,125,845,122,19834,100,943,21,886,77,1100,84,1461,44,1790,81,1276,48,959,28,1034,107,1012,110,1216,26,1269,22,1377,103,1442,95,1159,92,939,91,766,90,662,88,543,102
0500000US42033,42033,"Clearfield County, Pennsylvania",79908,3778,84,4195,280,4245,284,4125,56,4444,94,4702,142,4604,153,4920,287,4934,288,5685,122,6100,119,6753,375,5326,387,5047,282,3796,266,3011,274,2106,216,2137,263,37897,151,1779,39,1942,172,2093,163,1941,33,1937,29,1996,14,1921,57,1900,177,2366,150,2565,42,2772,36,3155,218,2683,225,2435,209,2086,184,1716,184,1171,134,1439,191
0500000US42035,42035,"Clinton County, Pennsylvania",38915,2077,46,2133,153,2321,151,2988,80,4021,86,2480,132,1946,51,2037,162,1951,163,2306,60,2365,46,2726,160,2443,156,2281,147,1604,151,1207,144,902,138,1127,148,19654,115,1043,41,986,117,1139,116,1530,64,2113,47,1051,75,950,29,968,106,1041,109,1176,46,1162,17,1381,97,1248,95,1169,103,835,103,653,97,555,104,654,112
0500000US42037,42037,"Columbia County, Pennsylvania",65715,2940,13,2958,224,3666,209,5317,144,7117,159,3478,65,3320,97,3484,272,3286,263,4070,96,4300,86,5004,291,4332,297,3845,254,3167,261,2219,169,1493,173,1719,191,34151,92,1466,42,1548,157,1721,149,2855,99,3911,102,1621,44,1594,36,1682,190,1615,183,2063,57,2200,82,2625,190,2241,188,1971,189,1744,190,1269,156,923,138,1102,148
0500000US42039,42039,"Crawford County, Pennsylvania",85665,4688,37,4825,229,5100,228,5965,93,5358,90,4845,136,4552,65,4415,215,4697,240,5422,81,5917,83,6524,279,6217,278,5687,223,4531,230,3227,203,1963,169,1732,181,43949,85,2357,41,2318,164,2452,164,2954,78,2679,72,2550,128,2323,46,2179,154,2552,183,2858,70,3008,67,3305,181,3217,180,2778,148,2538,155,1837,157,975,118,1069,138
0500000US42041,42041,"Cumberland County, Pennsylvania",249328,13357,18,14315,570,14150,568,16737,217,16106,218,16189,46,16455,36,15506,611,15094,592,16213,229,16559,101,17650,530,15767,529,14637,489,10862,488,7863,512,5492,389,6376,452,125931,120,6542,19,7223,414,6712,417,8590,183,7659,163,7636,33,7826,16,7504,406,7245,396,8006,160,8291,101,8700,403,8492,395,7636,356,6007,348,4372,339,3218,309,4272,347
0500000US42043,42043,"Dauphin County, Pennsylvania",275632,17203,59,16101,711,18164,722,16447,118,16640,106,19518,49,18435,53,16178,762,16039,1260,18168,1530,18547,52,19737,1342,18906,1338,16568,592,10055,578,7408,514,5559,374,5959,473,142053,118,8362,31,7941,476,8991,485,7944,106,8339,106,9902,36,9173,15,8744,433,8105,439,8842,37,9617,52,10106,1241,10154,1241,8928,425,5308,419,4330,352,3379,296,3888,338
0500000US42045,42045,"Delaware County, Pennsylvania",564554,33734,61,34065,928,35010,941,39651,50,38770,50,36610,49,36529,56,34605,1069,32876,1086,35260,63,38540,45,41021,887,37481,886,28891,662,21016,661,14589,643,11535,593,14371,638,292918,74,16427,49,16218,550,17765,554,19171,54,19399,39,18495,38,18729,55,17582,693,17215,698,18171,40,20091,39,21668,584,19670,582,15356,438,11867,438,8279,476,7137,455,9678,488
0500000US42047,42047,"Elk County, Pennsylvania",30340,1529,60,1384,180,1870,178,1678,24,1639,79,1436,56,1492,27,1506,172,1627,181,2164,44,2448,55,2748,198,2302,208,2059,154,1419,153,1361,183,943,132,735,136,15021,65,734,24,630,108,958,130,826,12,760,24,670,32,694,22,741,99,804,99,1059,42,1201,28,1252,130,1135,128,979,88,789,87,785,134,580,110,424,96
0500000US42049,42049,"Erie County, Pennsylvania",273835,15458,17,16400,624,16540,627,19486,155,18425,161,18798,79,17032,50,15693,661,14960,659,16715,56,17928,84,20056,598,18827,601,15868,532,11161,531,8057,453,5553,387,6878,483,138597,59,7575,14,7891,440,8113,447,9517,63,8876,54,9229,47,8399,48,7688,425,7559,423,8424,30,9057,40,10395,401,9391,401,8235,335,5897,347,4684,345,3225,280,4442,362
0500000US42051,42051,"Fayette County, Pennsylvania",131302,6693,64,6735,359,7247,360,7134,148,7324,133,8084,64,7416,75,7487,411,7586,425,8829,82,9283,51,10000,414,10402,418,8989,364,6314,371,4863,352,3103,244,3813,345,66467,86,3365,68,3374,255,3472,257,3536,91,3499,77,3685,39,3497,57,3515,260,3925,269,4318,73,4689,39,5296,294,5132,302,4599,240,3342,239,2675,259,1927,211,2621,259
0500000US42053,42053,"Forest County, Pennsylvania",7313,154,*****,130,33,218,33,364,56,454,107,807,124,636,101,568,116,484,84,351,72,529,67,523,53,492,53,507,57,436,57,377,48,150,39,133,39,1995,85,71,*****,66,25,103,25,79,32,11,29,17,50,31,25,29,20,51,33,139,*****,182,*****,220,31,222,31,255,33,192,33,190,29,60,26,77,26
0500000US42055,42055,"Franklin County, Pennsylvania",154147,9306,74,8802,472,10371,485,10072,211,8090,220,9070,142,8992,159,9177,586,9112,549,9977,168,10662,182,10521,546,10322,525,8909,453,7351,430,5780,429,3506,330,4127,397,78437,197,4605,145,4192,353,5091,360,5024,162,3921,143,4576,4,4478,107,4355,400,4823,382,5015,140,5307,143,5510,354,4996,342,4750,311,3909,317,3301,310,1977,230,2607,270
0500000US42057,42057,"Fulton County, Pennsylvania",14506,696,28,876,60,813,66,818,24,791,27,782,30,765,29,732,71,893,72,1032,22,1099,24,1079,90,1090,88,928,61,807,63,623,54,365,53,317,53,7184,41,312,14,432,44,412,53,395,13,367,25,383,24,384,15,371,44,419,44,491,11,530,22,602,57,472,49,502,39,381,42,334,41,219,41,178,34
0500000US42059,42059,"Greene County, Pennsylvania",36870,1942,57,1898,197,2042,210,2326,55,2416,89,2357,72,2145,119,2226,195,2238,178,2478,69,2628,80,2699,212,2652,205,2372,144,1723,125,1161,130,656,96,911,140,17701,111,931,34,961,121,953,122,1154,41,1100,32,1018,36,901,59,1108,127,924,114,1190,52,1174,25,1278,131,1337,130,1193,99,863,89,638,98,398,85,580,111
0500000US42061,42061,"Huntingdon County, Pennsylvania",45369,2029,31,2178,138,2535,152,2895,70,2991,105,2826,113,2565,83,2638,192,2747,164,2931,57,3150,65,3377,179,3208,178,2872,153,2420,158,1678,114,1320,153,1009,115,21258,150,1023,29,1043,94,1281,95,1428,44,1326,50,1104,57,1072,38,1107,97,1144,94,1284,19,1439,17,1624,113,1522,93,1436,98,1171,102,912,89,675,82,667,76
0500000US42063,42063,"Indiana County, Pennsylvania",85032,3991,68,4097,228,4450,227,7323,197,9610,164,4542,108,4359,129,3966,262,4441,308,4827,81,5337,59,6209,317,5921,320,4887,241,4104,233,2784,241,1984,200,2200,255,42460,178,1876,77,1996,172,2201,174,3725,125,4686,101,2023,72,2089,67,1936,189,2185,188,2363,39,2648,39,2967,182,3083,185,2472,142,2091,145,1462,176,1183,185,1474,208
0500000US42065,42065,"Jefferson County, Pennsylvania",43846,2488,27,2631,156,2558,157,2562,63,2380,36,2585,45,2466,40,2303,152,2449,163,2707,28,2981,24,3550,145,3173,148,2609,141,2337,151,1692,119,1170,125,1205,118,22007,77,1208,20,1283,100,1238,107,1227,43,1146,20,1283,46,1185,24,1142,100,1191,100,1335,16,1481,22,1783,94,1548,98,1277,99,1259,108,922,98,647,91,852,96
0500000US42067,42067,"Juniata County, Pennsylvania",24624,1416,45,1540,134,1540,137,1581,54,1253,27,1425,55,1322,30,1348,145,1417,135,1633,52,1735,38,1768,154,1750,159,1439,125,1304,129,738,133,601,159,814,243,12320,57,720,48,795,90,709,88,818,39,610,18,686,35,637,13,661,89,664,80,802,48,862,30,872,87,878,84,692,79,664,78,405,85,358,106,487,119
0500000US42069,42069,"Lackawanna County, Pennsylvania",210652,11139,24,11575,506,12718,507,13218,90,13020,138,13448,126,12840,22,12465,576,11245,564,13436,83,14350,86,14562,482,15314,482,12668,562,10048,529,7563,432,4624,384,6419,389,108491,21,5393,17,5513,371,6195,371,6596,86,6680,135,6569,123,6363,23,6182,396,5752,382,6782,80,7371,83,7468,328,7919,327,6469,379,5532,365,4373,318,2848,322,4486,298
0500000US42071,42071,"Lancaster County, Pennsylvania",540999,35479,74,36023,952,35010,965,36172,132,34342,92,36712,73,33941,65,31925,945,29450,956,31676,30,34818,69,36441,948,34095,936,29250,760,21899,769,16745,746,12499,666,14522,670,276044,113,17238,65,18325,668,16325,679,17788,76,17229,67,18336,63,16969,36,15958,585,15080,579,16032,30,17691,30,18686,601,17632,601,15279,497,11758,506,9592,482,7065,491,9061,486
0500000US42073,42073,"Lawrence County, Pennsylvania",86727,4517,18,4540,333,5046,325,5304,98,5048,85,4764,59,4502,124,4992,283,4394,276,5472,86,5846,80,6538,318,7104,307,5787,292,4243,292,3435,261,2546,216,2649,245,44780,81,2207,30,2278,196,2509,176,2656,96,2420,79,2271,30,2248,64,2454,188,2298,196,2782,60,2918,47,3488,213,3578,202,3031,201,2357,201,2001,195,1593,158,1691,188
0500000US42075,42075,"Lebanon County, Pennsylvania",139729,8414,52,8654,380,9529,370,8926,112,8297,116,8154,142,8160,141,7896,432,8373,448,8575,109,9233,147,9302,407,9474,413,8017,422,6637,405,4664,385,3708,307,3716,303,71250,124,4148,95,4500,344,4395,337,4400,118,4119,68,4005,96,4064,70,3850,239,4262,250,4344,96,4626,78,4698,300,4877,301,4330,300,3375,294,2812,284,2096,208,2349,230
0500000US42077,42077,"Lehigh County, Pennsylvania",365052,21541,28,22341,822,24129,820,24347,118,23803,112,24068,58,23682,36,23047,886,22151,870,23194,63,24714,57,24726,633,23207,635,19075,609,14389,607,9614,534,7879,570,9145,557,186482,94,10467,13,10888,608,11459,605,12099,98,11894,91,11919,36,11815,23,11690,534,10971,536,11807,53,12651,50,12568,426,12222,421,9675,426,8154,427,5373,412,4861,407,5969,411
0500000US42079,42079,"Luzerne County, Pennsylvania",317663,16313,26,16833,577,17985,577,19441,127,20002,104,20859,94,18987,39,18582,738,17983,735,20969,60,22563,35,22954,699,21907,700,19145,508,14879,502,10587,480,7751,468,9923,567,160653,67,8085,16,8227,353,8826,357,9419,86,9525,54,9694,25,9005,24,9242,489,8759,478,10334,61,11149,19,12139,414,10649,416,10051,361,7938,364,5695,324,4892,355,7024,446
0500000US42081,42081,"Lycoming County, Pennsylvania",114330,6237,62,6341,350,6892,346,7158,151,7190,111,7866,111,7132,127,6348,374,6357,342,6980,129,7612,107,8460,367,8004,371,6874,346,5219,320,3907,306,2617,258,3136,257,58263,132,3046,72,3289,264,3215,252,3320,51,3486,61,3764,76,3619,122,2984,241,3418,251,3672,122,3884,101,4198,221,4231,219,3482,235,2841,235,2235,210,1375,189,2204,189
0500000US42083,42083,"McKean County, Pennsylvania",41401,2054,78,2462,199,2147,185,2735,87,2609,107,2411,79,2499,164,2446,219,2315,222,2803,79,2815,90,3206,224,3016,183,2431,128,1869,126,1395,137,1002,146,1186,153,19985,156,977,62,1177,137,1021,137,1287,46,1205,34,1056,30,1078,61,1137,129,1048,147,1274,25,1358,22,1536,115,1510,116,1238,87,970,90,712,86,611,113,790,119
0500000US42085,42085,"Mercer County, Pennsylvania",111518,5366,29,5543,336,6400,331,7808,111,7635,98,5707,62,5850,128,5561,358,6231,353,6998,106,7875,97,8582,319,8338,306,6919,290,5773,300,4112,280,2935,266,3885,314,56557,186,2579,38,2781,214,3096,216,3655,161,3712,95,2702,35,2771,85,2850,217,3039,207,3459,39,3934,65,4340,247,4291,242,3418,188,3289,185,2447,192,1745,189,2449,220
0500000US42087,42087,"Mifflin County, Pennsylvania",46276,2859,90,2844,254,2921,233,2670,64,2534,108,2653,94,2462,71,2215,261,2600,262,3047,106,3204,32,3201,257,3279,257,2712,221,2550,223,2000,206,1190,168,1335,207,23687,108,1407,55,1620,181,1255,153,1277,48,1243,92,1282,50,1175,34,1189,158,1298,163,1527,29,1617,32,1583,147,1719,152,1488,148,1372,150,1126,137,687,123,822,118
0500000US42089,42089,"Monroe County, Pennsylvania",168032,7566,41,8779,538,9913,544,12885,81,12355,86,9913,50,8665,112,8902,587,9123,603,11439,83,13740,91,14212,687,12266,676,10390,589,7098,547,4840,397,3232,391,2714,337,84920,131,3753,44,4175,381,5011,386,6331,73,6090,50,4702,50,4175,69,4713,406,4795,413,5976,18,6947,26,7133,452,6140,453,5119,383,3668,383,2471,270,1954,303,1767,281
0500000US42091,42091,"Montgomery County, Pennsylvania",823823,45563,7,49168,1110,51952,1112,51085,57,47252,52,48997,60,53347,58,52185,1018,50525,1016,55377,85,59228,54,59931,1288,56075,1280,45578,809,32708,801,23644,920,18695,740,22513,765,423413,67,22269,34,25292,722,24266,723,25349,49,23680,44,24076,45,26491,29,25721,695,25892,697,28112,65,30470,48,30624,886,29585,877,24321,547,17729,542,13236,582,11417,562,14883,557
0500000US42093,42093,"Montour County, Pennsylvania",18259,1052,22,1044,119,919,131,1027,95,907,113,1179,84,1264,73,1079,161,898,149,1088,51,1206,49,1350,152,1478,169,1125,97,805,114,653,109,535,100,650,116,9539,97,540,27,474,95,476,90,431,57,495,110,589,69,589,47,596,117,444,100,552,42,640,47,691,99,785,107,560,77,476,87,386,94,344,96,471,100
0500000US42095,42095,"Northampton County, Pennsylvania",302809,14711,35,16392,767,18098,769,21450,182,20114,190,18201,59,17737,54,17348,718,17830,715,19773,38,21593,36,21996,673,21170,669,17911,606,13284,604,10293,557,6423,430,8485,559,153866,73,7134,36,7946,454,8878,450,10067,87,9623,86,8716,39,8760,39,9053,429,8814,438,9976,16,10956,36,11131,479,11060,480,9270,393,7264,391,5712,394,3782,336,5724,445
0500000US42097,42097,"Northumberland County, Pennsylvania",91761,4732,43,5222,296,4835,311,5004,171,4776,89,5606,106,5606,158,5255,326,5344,315,5841,120,6566,111,6992,330,6840,323,6048,325,4391,322,3399,267,2301,250,3003,241,45588,153,2289,64,2364,206,2537,223,2356,95,2193,62,2505,67,2637,97,2479,181,2482,184,2864,89,3161,47,3457,200,3524,200,3194,224,2274,215,1743,183,1493,195,2036,199
0500000US42099,42099,"Perry County, Pennsylvania",46053,2645,3,2740,137,2782,132,2702,62,2470,54,2721,43,2625,40,2715,196,2604,200,3222,46,3560,60,3562,168,3412,174,3009,143,2136,147,1512,113,890,117,746,90,22707,65,1274,24,1241,119,1376,119,1190,27,1183,21,1339,26,1307,29,1424,119,1228,126,1616,35,1696,33,1747,113,1729,114,1562,92,971,93,809,84,512,89,503,82
0500000US42101,42101,"Philadelphia County, Pennsylvania",1579075,106563,43,93264,1967,93310,1972,97295,172,115190,129,160883,121,137178,166,107683,1836,88280,1872,90632,96,93339,67,93683,1659,89501,1657,70035,1515,51092,1515,36476,1046,26843,1016,27828,1037,831596,219,52052,73,46508,1504,45192,1472,48646,105,58807,97,83210,72,70777,125,55463,1346,46910,1365,47652,112,49322,15,50144,1216,49477,1218,39722,1017,29517,1002,21711,875,17140,830,19346,885
0500000US42103,42103,"Pike County, Pennsylvania",55453,1894,42,2469,245,3397,245,3549,133,3069,178,2726,174,2360,130,2823,300,3157,318,3825,171,4692,108,5346,345,3994,335,4529,330,2829,295,2133,232,1397,235,1264,194,27305,82,929,34,978,149,1759,147,1565,147,1361,123,1325,110,1132,86,1371,187,1609,172,1973,115,2371,53,2672,218,1977,216,2539,210,1265,204,1102,174,722,158,655,151
0500000US42105,42105,"Potter County, Pennsylvania",16806,880,18,989,74,999,73,939,13,874,30,832,13,806,23,784,80,867,81,992,16,1199,14,1327,79,1365,79,1278,69,952,74,789,63,432,63,502,66,8417,36,451,18,489,46,459,51,448,11,396,21,408,4,377,11,373,43,461,44,497,12,588,7,696,54,667,60,681,46,451,54,405,43,254,48,316,50
0500000US42107,42107,"Schuylkill County, Pennsylvania",142674,6992,32,7657,422,8479,416,7616,113,7432,120,8555,132,8331,113,8924,478,8551,486,10094,136,10412,97,10740,414,10330,416,8870,397,7063,397,4884,298,3563,231,4181,301,69721,71,3398,47,3721,253,4131,253,3631,93,3388,99,3702,74,3732,56,4029,288,3882,295,4770,76,4971,34,5256,269,5184,272,4605,250,3597,249,2608,203,2192,214,2924,223
0500000US42109,42109,"Snyder County, Pennsylvania",40483,2169,46,2263,182,2562,168,3335,86,3106,74,2287,32,2108,32,2337,163,2064,168,2587,61,2782,52,2814,176,2650,162,2174,133,1900,136,1493,168,966,150,886,154,20340,99,1012,16,1078,142,1242,141,1626,62,1521,50,1130,29,1041,21,1140,123,1088,113,1226,25,1380,35,1391,105,1334,94,1114,87,1018,92,827,121,602,106,570,98
0500000US42111,42111,"Somerset County, Pennsylvania",74361,3455,122,3645,240,3906,244,3941,131,3953,121,4254,107,4085,103,4616,228,4212,247,5029,90,5442,98,5963,316,5682,307,5065,213,3768,211,2888,212,1975,178,2482,203,35540,148,1640,76,1911,174,1808,163,1858,58,1713,81,1779,55,1745,34,2061,173,1802,165,2244,47,2508,32,2952,189,2697,187,2535,146,1891,145,1571,161,1129,137,1696,167
0500000US42113,42113,"Sullivan County, Pennsylvania",6135,195,6,169,22,170,20,364,46,318,26,302,2,282,15,255,43,344,37,362,24,469,33,539,48,670,47,493,54,467,53,300,41,197,43,239,32,2892,22,95,2,86,13,82,12,124,25,111,26,138,2,133,15,113,23,176,23,151,15,228,15,296,30,288,29,238,32,240,32,169,37,107,27,117,35
0500000US42115,42115,"Susquehanna County, Pennsylvania",40970,1845,34,2092,116,2322,112,2255,37,2082,31,2040,26,2079,43,2135,127,1952,126,2618,32,3117,29,3718,161,3332,158,2963,128,2443,131,1854,126,1107,114,1016,133,20369,51,903,25,1111,95,1067,94,1075,23,931,23,982,21,994,27,1050,86,979,90,1310,26,1541,23,1828,99,1642,103,1521,79,1220,80,984,94,513,73,718,98
0500000US42117,42117,"Tioga County, Pennsylvania",40944,2142,16,2180,144,2347,141,2592,58,2540,85,2332,45,2232,38,2293,131,2011,151,2459,26,2776,41,3314,148,2940,150,2527,170,2366,176,1600,127,1136,133,1157,139,20625,51,1000,22,1079,99,1110,93,1288,32,1307,52,1134,30,1110,28,1113,98,1014,102,1228,17,1443,39,1647,107,1530,112,1288,102,1181,108,803,77,622,90,728,111
0500000US42119,42119,"Union County, Pennsylvania",45111,2085,96,2061,178,2319,219,4561,358,3472,209,2528,184,2768,273,3074,315,2530,270,3198,254,2908,190,3018,245,2593,245,2209,187,1942,187,1506,236,844,168,1495,237,20356,202,1011,55,999,134,1128,152,2010,124,1741,121,956,2,1058,53,853,144,1142,150,1135,59,1247,51,1185,145,1386,133,1203,155,991,158,799,151,521,135,991,171
0500000US42121,42121,"Venango County, Pennsylvania",51818,2560,32,2779,180,2885,170,2955,66,2641,58,2685,46,2682,54,2727,213,2845,216,3187,40,3705,37,4381,237,4573,221,3708,192,2676,186,2303,208,1433,179,1093,139,26235,73,1217,7,1346,122,1449,120,1390,65,1213,30,1304,29,1363,30,1418,152,1352,151,1611,40,1848,23,2167,174,2370,166,1989,116,1300,117,1291,150,874,151,733,120
0500000US42123,42123,"Warren County, Pennsylvania",39756,1987,28,2123,163,2136,159,2282,62,2034,34,2024,36,2020,28,1838,151,2282,155,2560,39,2945,39,3074,167,3569,166,2688,173,2236,172,1568,142,1238,110,1152,138,19855,65,1002,27,1063,126,1024,119,1073,42,961,24,940,10,986,15,929,96,1119,107,1268,36,1453,28,1518,117,1768,114,1384,108,1142,108,814,88,714,95,697,105
0500000US42125,42125,"Washington County, Pennsylvania",207212,10458,40,12289,524,10640,525,12654,134,12207,184,11547,141,11472,113,11874,544,11726,569,13706,132,14831,74,15529,582,16571,559,13938,426,9595,420,7368,389,5209,354,5598,322,105472,103,5133,89,6070,349,5129,343,6189,116,5898,133,5584,84,5629,105,5831,382,5967,412,6818,58,7524,45,7681,337,8728,329,7298,290,4959,287,4113,285,3028,272,3893,268
0500000US42127,42127,"Wayne County, Pennsylvania",51422,2149,22,2209,202,2528,190,2656,89,2609,88,2876,103,2904,123,2510,237,3157,217,3458,74,3837,98,4233,285,4218,262,3996,280,3228,268,1955,224,1322,237,1577,219,24136,118,1001,60,1029,137,1226,140,1294,55,1133,30,1190,60,1222,58,1024,136,1339,134,1476,21,1835,43,2054,176,2030,169,1934,191,1648,191,1020,146,712,153,969,157
0500000US42129,42129,"Westmoreland County, Pennsylvania",352590,16010,48,17986,602,18917,604,19810,123,19438,154,18540,75,18390,125,18740,682,19558,670,23494,95,26174,92,28287,748,29185,756,24813,711,18479,703,13701,557,9816,486,11252,633,180183,76,7887,38,9019,405,9091,406,9440,81,9442,98,8923,72,9082,114,9180,468,9872,460,11864,63,13326,67,14095,518,15146,516,12965,475,9921,468,7821,429,5957,390,7152,450
0500000US42131,42131,"Wyoming County, Pennsylvania",27327,1318,22,1572,114,1419,113,1811,66,1643,40,1570,45,1475,29,1487,103,1448,105,1766,32,1940,20,2175,144,2105,140,1929,95,1455,97,1032,83,556,76,626,74,13548,56,655,17,759,75,654,77,865,44,753,10,750,38,707,18,706,59,747,58,905,18,972,12,1070,89,1081,86,984,60,684,61,559,63,274,51,423,59
0500000US42133,42133,"York County, Pennsylvania",445565,25568,80,27182,925,28629,922,28027,96,25793,90,27561,46,27382,79,27550,882,26194,892,30583,74,32033,51,32890,920,30149,918,24979,606,18997,598,13430,629,9447,653,9171,585,225443,77,12460,69,13090,541,13968,539,13459,73,12615,78,13565,44,13712,56,13711,627,13384,621,15371,66,16098,27,16830,527,15255,526,13029,424,10090,427,7322,405,5451,403,6033,462